{
    "vakhramey.smorchyok": {
      "sounds": [
        {
          "name": "vakhramey/smorchyok"
        }
      ],
      "subtitle": "Smorchyok"
    },
    "vakhramey.poshel_nahui_otsyuda_vonyuchka": {
        "sounds": [
          {
            "name": "vakhramey/poshel_nahui_otsyuda_vonyuchka"
          }
        ],
        "subtitle": "Poshel_nahui_otsyuda_vonyuchka"
      },
      "mc_poh.vesenny_les": {
        "sounds": [
          {
            "name": "mc_poh/vesenny_les"
          }
        ],
        "subtitle": "Vesenny_les"
      },
      "ebanko.landyshy": {
        "sounds": [
          {
            "name": "ebanko/landyshy"
          }
        ],
        "subtitle": "Landyshy"
      },
      "ebanko.ruchnaya_rabota": {
        "sounds": [
          {
            "name": "ebanko/ruchnaya_rabota"
          }
        ],
        "subtitle": "Ruchnaya_rabota"
      },
      "ebanko.zoofeel": {
        "sounds": [
          {
            "name": "ebanko/zoofeel"
          }
        ],
        "subtitle": "Zoofeel"
      }
  }